{"cameraMode":{"drawMode":0,"name":"Shaded","section":"Shading Mode"},"sceneLighting":true,"audioPlay":false,"sceneViewState":{"showFog":true,"showMaterialUpdate":true,"showSkybox":false,"showFlares":true,"showImageEffects":true,"showParticleSystems":true},"in2DMode":false,"pivot":{"x":0.2467508316040039,"y":-1.6262502670288087,"z":1.0410242080688477},"rotation":{"x":-0.10854310542345047,"y":0.8826408982276917,"z":-0.2502844035625458,"w":-0.38278308510780337},"size":10.0,"orthographic":false}